time,mu,sigma,theta,mu_bounded,sigma_bounded,P(00),P(01),P(10),P(11)
0.0,0.8,0.6,0.7853981633974483,0.8,0.6,0.07999999999999999,0.11999999999999997,0.32000000000000006,0.48
0.10050251256281408,0.7665750389990952,0.5801618590844618,0.7912210862911768,0.7665750389990952,0.5801618590844618,0.09800070166990188,0.13542425933100294,0.3218374392456363,0.4447375997534589
0.20100502512562815,0.7345939570482355,0.5608492666730535,0.7966504389509418,0.7345939570482355,0.5608492666730535,0.11655325839167045,0.14885278456009404,0.3225974749352761,0.4119964821129594
0.30150753768844224,0.703987703650709,0.5420623513859923,0.8017158695697126,0.703987703650709,0.5420623513859923,0.13555517495102715,0.1604571213982639,0.3223824736629805,0.38160522998772844
0.4020100502512563,0.6746977224772231,0.5237932198251644,0.8064390908322803,0.6746977224772231,0.5237932198251644,0.15491115016266238,0.17039112736011447,0.32129563001217326,0.3534020924650499
0.5025125628140704,0.6466675310965425,0.5060338251836389,0.8108408608633468,0.6466675310965425,0.5060338251836389,0.17453428810266175,0.17879818080079574,0.3194318867136993,0.3272356443828432
0.6030150753768845,0.619842378391187,0.4887762901498677,0.8149412684368829,0.619842378391187,0.4887762901498677,0.19434558964666018,0.18581203196215276,0.3168781202034721,0.30296425818771494
0.7035175879396985,0.5941692445574323,0.4720129069076845,0.8187597329761279,0.5941692445574323,0.4720129069076845,0.21427340085357974,0.191557354588988,0.31371369223873574,0.2804555523186965
0.8040201005025126,0.5695968411053085,0.45573613713630573,0.82231500455359,0.5695968411053085,0.45573613713630573,0.23425288584876117,0.1961502730459303,0.3100109770149331,0.25958586409037543
0.9045226130653267,0.5460756108586021,0.43993861201033,0.825625163891046,0.5460756108586021,0.43993861201033,0.25422552342489435,0.1996988657165035,0.30583586456477563,0.24023974629382652
1.0050251256281408,0.5235577279548544,0.42461313219973806,0.8287076223595413,0.5235577279548544,0.42461313219973806,0.2741386265996967,0.202303645445449,0.30124824120056537,0.22230948675428913
1.105527638190955,0.5019970978453624,0.40975266786989306,0.83157912197939,0.5019970978453624,0.40975266786989306,0.2939448843898255,0.20405801776481208,0.2963024477402814,0.20569465010508098
1.206030150753769,0.48134935729517825,0.3953503586815405,0.834255735420175,0.48134935729517825,0.3953503586815405,0.313601925081059,0.2050487176237628,0.29104771623740056,0.19030164105777775
1.306532663316583,0.4615718743831096,0.38139951379080805,0.8367528660007476,0.4615718743831096,0.38139951379080805,0.3330719002953123,0.20535622532157813,0.2855285859138797,0.17604328846922995
1.407035175879397,0.442623485224257,0.36789373319073854,0.8390854125259405,0.442623485224257,0.36789373319073854,0.35232118796205203,0.20505532681369093,0.2797850788472094,0.1628384063770476
1.5075376884422111,0.42445927916150133,0.35482823031819005,0.8412705710360293,0.42445927916150133,0.35482823031819005,0.37132262538731875,0.20421809545117992,0.27384914429449125,0.1506101348670101
1.6080402010050252,0.4070465770237506,0.34219060245180793,0.8433170314380445,0.4070465770237506,0.34219060245180793,0.3900503339421449,0.20290308903410448,0.2677590636060471,0.13928751341770346
1.7085427135678393,0.39035817502438314,0.32996633647765444,0.8452302325917076,0.39035817502438314,0.32996633647765444,0.40848054542486123,0.20116127955075572,0.2615531180974845,0.12880505692689875
1.8090452261306533,0.3743672826793083,0.3181416057147115,0.8470157304126212,0.3743672826793083,0.3181416057147115,0.4265929200446286,0.19903979727606305,0.2552654742406599,0.11910180843864844
1.9095477386934674,0.35904752280696595,0.30670326991488067,0.848679197872269,0.35904752280696595,0.30670326991488067,0.4443702565778875,0.19658222061514646,0.24892647350723177,0.11012104929973413
2.0100502512562817,0.344372931528327,0.2956388752629833,0.8502264249980154,0.344372931528327,0.2956388752629833,0.46179821935674065,0.19382884911493234,0.24256290538027606,0.10181002614805096
2.1105527638190957,0.33031795826689303,0.2849366543767604,0.8516633188731059,0.33031795826689303,0.2849366543767604,0.47886508126547744,0.19081696046762955,0.23619826435776217,0.09411969390913087
2.21105527638191,0.31685746574869644,0.27458552630687266,0.8529959036366668,0.31685746574869644,0.27458552630687266,0.4955614819412986,0.18758105231000496,0.22985299175182877,0.08700447399686768
2.311557788944724,0.30396673000230034,0.26457509653690037,0.8542303204837056,0.30396673000230034,0.26457509653690037,0.5118802003951638,0.18415306960253583,0.2235447030679358,0.08042202693436454
2.412060301507538,0.29162144035879883,0.2548956569833437,0.8553728276651105,0.29162144035879883,0.2548956569833437,0.5278159412885426,0.18056261835265872,0.21728840172811384,0.07433303863068502
2.512562814070352,0.2797976994518167,0.2455381859956223,0.8564298004876508,0.2797976994518167,0.2455381859956223,0.5433651341217084,0.1768371664264749,0.2110966798826693,0.0687010195691474
2.613065326633166,0.2684720232175095,0.23649434835607575,0.8574077313139769,0.2684720232175095,0.23649434835607575,0.5585257446090769,0.1730022321734136,0.20497990703484736,0.06349211618266215
2.71356783919598,0.2576213408945637,0.2277564952799631,0.8583132295626196,0.2576213408945637,0.2277564952799631,0.5732970975369437,0.16908156156849266,0.19894640718309323,0.05867493371147046
2.814070351758794,0.2472229950241963,0.21931766441546313,0.8591530217079913,0.2472229950241963,0.21931766441546313,0.587679710418843,0.16509729455696073,0.19300262516569391,0.0542203698585024
2.9145728643216082,0.23725474145015546,0.2111715798436745,0.8599339512803851,0.23725474145015546,0.2111715798436745,0.6016751372836019,0.16107012126624265,0.1871532828727236,0.050101458577431854
3.0150753768844223,0.2276947493187199,0.2033126520786153,0.860662978865975,0.2276947493187199,0.2033126520786153,0.6152858219510292,0.15701942873025088,0.1814015259703555,0.04629322334836443
3.1155778894472363,0.21852160107869925,0.19573597806722348,0.8613471821068159,0.21852160107869925,0.19573597806722348,0.6285149601700322,0.15296343875126864,0.17574906176274444,0.04277253931595484
3.2160804020100504,0.2097142924814338,0.18843734118935665,0.8619937557008439,0.2097142924814338,0.18843734118935665,0.641366370013818,0.14891933750474817,0.17019628879682533,0.03951800368460848
3.3165829145728645,0.201252747649017,0.18141244756795835,0.862609463362709,0.201252747649017,0.18141244756795835,0.6538445583138095,0.14490269403717349,0.16474299411823212,0.036509753530784846
3.4170854271356785,0.19312780772371943,0.17464367808439535,0.8631906792663095,0.19312780772371943,0.17464367808439535,0.6659570648731316,0.14091512740314913,0.15939925704247318,0.033728550681246264
3.5175879396984926,0.18533031154443724,0.16811799710699105,0.8637357429242573,0.18533031154443724,0.16811799710699105,0.6777090521286372,0.1369606363269256,0.1541729507643718,0.031157360780065448
3.6180904522613067,0.1778488433340094,0.16182677146377716,0.8642458468816346,0.1778488433340094,0.16182677146377716,0.6891050893275233,0.13304606733846733,0.14906813920869957,0.02878070412530985
3.7185929648241207,0.17067215715834635,0.15576166783170667,0.8647222394003171,0.17067215715834635,0.15576166783170667,0.7001503548613662,0.1291774879802875,0.1440879773069272,0.026584179851419185
3.819095477386935,0.1637891769264298,0.14991465273665391,0.8651662244589731,0.1637891769264298,0.14991465273665391,0.7108505679178644,0.1253602551557058,0.1392347793454817,0.02455439758094809
3.919597989949749,0.15718899639031295,0.1442779925534146,0.8655791617530635,0.15718899639031295,0.1442779925534146,0.7212119239069528,0.12159907970273433,0.13451008353963267,0.02267891285068029
4.020100502512563,0.15086087914512034,0.13884425350570567,0.8659624666948422,0.15086087914512034,0.13884425350570567,0.7312410334972926,0.11789808735758696,0.1299147129970016,0.020946166148118714
4.120603015075377,0.144794258629048,0.1336063016661655,0.866317610413356,0.144794258629048,0.1336063016661655,0.7409448651027079,0.11426087626824412,0.12544883323112663,0.019345425397921372
4.2211055276381915,0.1389787381233632,0.12855730295635376,0.8666461197544444,0.1389787381233632,0.12855730295635376,0.7503306906617,0.1106905712149368,0.12111200638194623,0.017866731741416956
4.3216080402010055,0.13340409075240472,0.12369072314675136,0.8669495772807398,0.13340409075240472,0.12369072314675136,0.7594060345567437,0.10718987469085157,0.11690324229650494,0.016500848455899785
4.42211055276382,0.12806025948358274,0.11900032785676067,0.8672296212716676,0.12806025948358274,0.11900032785676067,0.7681786255236247,0.10376111499279246,0.11282104661961452,0.015239212863968187
4.522613065326634,0.12293735712737876,0.1144801825547053,0.8674879457234456,0.12293735712737876,0.1144801825547053,0.7766563514046513,0.10040629146796998,0.10886346604064344,0.01407389108673532
4.623115577889448,0.11802566633734571,0.11012465255783022,0.8677263003490847,0.11802566633734571,0.11012465255783022,0.7848472166031307,0.09712711705952362,0.10502813083903911,0.012997535498306593
4.723618090452262,0.11331563961010793,0.10592840303230174,0.8679464905783887,0.11331563961010793,0.10592840303230174,0.792759302100073,0.09392505828981917,0.10131229486762537,0.01200334474248257
4.824120603015076,0.10879789928536115,0.10188639899320749,0.868150377557954,0.10879789928536115,0.10188639899320749,0.8004007278976425,0.09080137281699639,0.09771287310915004,0.011085026176211111
4.92462311557789,0.10446323754587247,0.09799390530455636,0.8683398781511701,0.10446323754587247,0.09799390530455636,0.8077796177574488,0.08775714469667875,0.09422647693799488,0.010236760607877603
5.025125628140704,0.1003026164174804,0.09424648667927871,0.8685169649382192,0.1003026164174804,0.09424648667927871,0.8149040661053277,0.08479331747719183,0.09084944721539352,0.009453169202086867
5.125628140703518,0.09630716776909484,0.0906400076792261,0.8686836662160762,0.09630716776909484,0.0906400076792261,0.8217821069778344,0.08191072525307085,0.08757788534293959,0.008729282426155274
5.226130653266332,0.0924681933126971,0.08717063271517142,0.8688420659985089,0.0924681933126971,0.08717063271517142,0.8284216848892281,0.07911012179807483,0.08440768239560051,0.008060510917096588
5.326633165829146,0.08877720736153386,0.08383477239746615,0.8689942626985623,0.08877720736153386,0.08383477239746615,0.8348306372142369,0.07639215542422931,0.081334590388297,0.007442616973236847
5.42713567839196,0.08522950931273231,0.08062526449544366,0.8691392013328961,0.08522950931273231,0.08062526449544366,0.84101687792298,0.07375361276428775,0.0783578575815764,0.006871651731155922
5.527638190954774,0.08182172361606192,0.07753571645769727,0.8692755889010064,0.08182172361606192,0.07753571645769727,0.8469866658886159,0.07119161049532224,0.07547761765368688,0.006344105962375051
5.628140703517588,0.0785492238393157,0.07456190175842317,0.8694035967913516,0.0785492238393157,0.07456190175842317,0.8527456539133687,0.06870512224731573,0.07269244432820827,0.005856779511107449
5.728643216080402,0.07540744357200849,0.07169970949972056,0.8695234202236107,0.07540744357200849,0.07169970949972056,0.8582995387265006,0.06629301770149099,0.0700007517737789,0.005406691798229579
5.8291457286432165,0.07239187642537714,0.06894514441159158,0.8696352782486831,0.07239187642537714,0.06894514441159158,0.863654047537405,0.06395407603721788,0.06740080805100343,0.00499106837437372
5.9296482412060305,0.06949807603238041,0.06629432685194142,0.8697394137486889,0.06949807603238041,0.06629432685194142,0.8688149252837499,0.06168699868386972,0.0648907478643087,0.004607328168071703
6.030150753768845,0.06672165604769896,0.06374349280657823,0.8698360934369681,0.06672165604769896,0.06374349280657823,0.8737879225480423,0.059490421404258746,0.06246858464537948,0.004253071402319486
6.130653266331659,0.06405829014773541,0.0612889938892132,0.8699256078580818,0.06405829014773541,0.0612889938892132,0.8785787841164694,0.0573629257357952,0.06013222199431741,0.003926068153418002
6.231155778894473,0.061503712030614305,0.058927297341460454,0.8700082713878111,0.061503712030614305,0.058927297341460454,0.8831932381543569,0.05530304981502889,0.05787946450418275,0.003624247526431568
6.331658291457287,0.059053715416182095,0.056654986032837154,0.8700844222331577,0.059053715416182095,0.056654986032837154,0.8876369859730717,0.053309298610746216,0.05570802799409116,0.003345687422090937
6.432160804020101,0.05670415404600719,0.05446875846076345,0.870154422432344,0.05670415404600719,0.05446875846076345,0.8919156923636833,0.05138015359030956,0.0536155491755533,0.0030886048704538882
6.532663316582915,0.054450941683379904,0.052365428750562465,0.8702186578548123,0.054450941683379904,0.052365428750562465,0.8960349764731796,0.0495140818434404,0.05159959477625784,0.002851346907122062
6.633165829145729,0.05229005211331251,0.050341926655460355,0.8702775382012261,0.05229005211331251,0.050341926655460355,0.9000004031995258,0.04770954468716178,0.04965767014501393,0.002632381968298578
6.733668341708543,0.05021751914253918,0.04839529755658623,0.8703314970034686,0.05021751914253918,0.04839529755658623,0.9038174750823313,0.045965005775129485,0.04778722736108243,0.0024302917814567485
6.834170854271357,0.048229436599516035,0.04652270246297223,0.870380991624644,0.048229436599516035,0.04652270246297223,0.9074916246663879,0.04427893873409617,0.045985672870639975,0.002243763728876068
6.934673366834171,0.0463219583344211,0.04472141801155347,0.8704265032590766,0.0463219583344211,0.04472141801155347,0.9110282073158128,0.04264983434976606,0.04425037467263369,0.0020715836617874093
7.035175879396985,0.044491298219154374,0.042988836467168064,0.8704685369323114,0.044491298219154374,0.042988836467168064,0.9144324944570329,0.04107620732381284,0.042578669075799144,0.0019126291433552334
7.135678391959799,0.04273373014733774,0.04132246572255713,0.8705076215011139,0.04273373014733774,0.04132246572255713,0.9177096672293156,0.039556602623346766,0.040967867048127375,0.00176586309921037
7.236180904522613,0.04104558803431503,0.03971992929836476,0.8705443096534697,0.04104558803431503,0.03971992929836476,0.920864810522053,0.03808960144363196,0.03941526017958223,0.0016303278547327995
7.336683417085427,0.039423265817152,0.03817896634313805,0.8705791779085853,0.039423265817152,0.03817896634313805,0.9239029073784797,0.03667382680436842,0.037918126278382376,0.001505139538769631
7.437185929648241,0.03786321745463634,0.03669743163332711,0.8706128266168873,0.03786321745463634,0.03669743163332711,0.9268288337459959,0.03530794879936779,0.036473734620677024,0.0013894828339593148
7.5376884422110555,0.036361962225250885,0.03527329247595706,0.8706458763620368,0.036361962225250885,0.03527329247595706,0.929647351427363,0.033990686347386084,0.035079356096679906,0.001282606128570977
7.63819095477387,0.03491789700246363,0.03390373639720176,0.8706778088523361,0.03491789700246363,0.03390373639720176,0.9323622137758508,0.0327198892216856,0.033734049826947464,0.0011838471755161687
7.738693467336684,0.033530149721960494,0.032586231552299935,0.8707079127533082,0.033530149721960494,0.032586231552299935,0.9349762399485627,0.03149361032947685,0.032437528499137405,0.0010926212228230898
7.839195979899498,0.03219688599792957,0.03131899963677661,0.8707362120998114,0.03219688599792957,0.03131899963677661,0.9374924886261683,0.030310625375902116,0.031188511737055072,0.0010083742608744941
7.939698492462312,0.030916295943144476,0.03010030141337392,0.8707627371704039,0.030916295943144476,0.03010030141337392,0.9399139924699553,0.029169711586900203,0.029985706116670757,0.0009305898264737181
8.040201005025127,0.029686594168964364,0.02892843671205104,0.8707875244873428,0.029686594168964364,0.02892843671205104,0.9422437558795979,0.028069649951437813,0.028827807408351135,0.000858786760613229
8.14070351758794,0.028506019785333916,0.027801744429984267,0.8708106168165843,0.028506019785333916,0.027801744429984267,0.9444847528614697,0.027009227353196337,0.027713502708545987,0.0007925170767879285
8.241206030150755,0.027372836400783328,0.026718602531566937,0.8708320631677843,0.027372836400783328,0.026718602531566937,0.9466399250036039,0.025987238595612798,0.026641472464829192,0.0007313639359541371
8.341708542713569,0.026285332122428305,0.02567742804840948,0.8708519187942975,0.026285332122428305,0.02567742804840948,0.9487121795534644,0.02500248832410728,0.025610392398126108,0.0006749397243021992
8.442211055276383,0.025241819555970088,0.024676677079339404,0.8708702451931781,0.025241819555970088,0.024676677079339404,0.9507043875947682,0.024053792849261776,0.02461893532589246,0.0006228842300776282
8.542713567839197,0.02424063580569545,0.023714844790401274,0.8708871101051795,0.02424063580569545,0.023714844790401274,0.9526193823196559,0.023139981874648562,0.02366577288994274,0.0005748629157527114
8.643216080402011,0.02328014247447668,0.022790465414856763,0.8709025875147541,0.02328014247447668,0.022790465414856763,0.9544599573925842,0.022259900132939266,0.02274957719255918,0.0005305652819174988
8.743718592964825,0.022358725663771582,0.021902112253184603,0.870916757650054,0.022358725663771582,0.021902112253184603,0.9562288654023698,0.02141240893385852,0.0218690223444455,0.0004897033193260846
8.84422110552764,0.0214747959736235,0.02104839767308061,0.87092970698293,0.0214747959736235,0.02104839767308061,0.957928816398897,0.020596387627479514,0.0210227859280224,0.0004520100456010977
8.944723618090453,0.020626788502661284,0.02022797310945766,0.8709415282289326,0.020626788502661284,0.02022797310945766,0.9595624765110473,0.019810734986291358,0.02020955037949498,0.0004172381231663029
9.045226130653267,0.019813162848099326,0.019439529064445734,0.8709523203473112,0.019813162848099326,0.019439529064445734,0.9611324666424992,0.01905437050940151,0.019428004293055103,0.0003851585550442233
9.145728643216081,0.019032403105737516,0.018681795107391867,0.8709621885410146,0.019032403105737516,0.018681795107391867,0.9626413612420933,0.01832623565216919,0.01867684365051484,0.0003555594552226769
9.246231155778895,0.0182830178699613,0.01795353987486018,0.8709712442566908,0.0182830178699613,0.01795353987486018,0.9640916871455397,0.01762529498449905,0.017954772979600173,0.00032824489036113144
9.34673366834171,0.017563540233741612,0.017253571070631874,0.8709796051846871,0.017563540233741612,0.017253571070631874,0.9654859224853013,0.01695053728095711,0.017260506444066848,0.00030303378967476327
9.447236180904524,0.016872527788634944,0.016580735465705227,0.87098739525905,0.016872527788634944,0.016580735465705227,0.966826495665561,0.016300976545804115,0.01659276886873383,0.00027975891990111645
9.547738693467338,0.016208562624783283,0.015933918898295586,0.8709947446575251,0.016208562624783283,0.015933918898295586,0.9681157843992424,0.015675652975974345,0.015950296702462043,0.0002582659223212419
9.648241206030152,0.015570251330914161,0.01531204627383538,0.8710017898015575,0.015570251330914161,0.01531204627383538,0.9693561148041246,0.015073633864961177,0.015331838922039955,0.00023841240887420456
9.748743718592966,0.01495622499434062,0.014714081564974123,0.8710086733562914,0.01495622499434062,0.014714081564974123,0.9705497605551562,0.014494014450503292,0.014736157879869788,0.00022006711447083253
9.84924623115578,0.014365153769157264,0.01413902723166122,0.8710155377385216,0.014365153769157264,0.01413902723166122,0.9716989282995107,0.013935917931332106,0.01416204446882815,0.0002031093003291154
9.949748743718594,0.013796568481407331,0.013585941799810868,0.8710221805339071,0.013796568481407331,0.013585941799810868,0.9728049290952073,0.013398502423385363,0.013609129104981826,0.000187439376425505
10.050251256281408,0.013250071299152639,0.013054058472426444,0.8710284436145658,0.013250071299152639,0.013054058472426444,0.9738688374339238,0.012881091266923486,0.013077104093649681,0.00017296720550295797
10.150753768844222,0.012724939661727297,0.012542665253502153,0.8710343315082091,0.012724939661727297,0.012542665253502153,0.9748919997433186,0.012383060594954094,0.012565335003179239,0.0001596046585480584
10.251256281407036,0.01222046138798142,0.012051063685202366,0.8710398500962574,0.01222046138798142,0.012051063685202366,0.9758757444852654,0.011903794126753246,0.0120731918295323,0.00014726955844912058
10.35175879396985,0.011735934676281127,0.011578568847861615,0.8710450066138401,0.011735934676281127,0.011578568847861615,0.9768213818035006,0.011442683520218287,0.0116000493486378,0.00013588532764332754
10.452261306532664,0.011270668104508533,0.011124509359984597,0.8710498096497953,0.011270668104508533,0.011124509359984597,0.9777302031883288,0.010999128707162712,0.011145287451686648,0.00012538065282188503
10.552763819095478,0.010823980630061767,0.01068822737824617,0.8710542691466703,0.010823980630061767,0.01068822737824617,0.9786034811578039,0.010572538212134339,0.010708291463949934,0.00011568916611183242
10.653266331658292,0.010395201589854953,0.01026907859749136,0.8710583964007211,0.010395201589854953,0.01026907859749136,0.9794424689548167,0.010162329455328372,0.010288452447691965,0.00010674914216298764
10.753768844221106,0.00998367070031822,0.00986643225073535,0.8710622040619129,0.00998367070031822,0.00986643225073535,0.9802484002595248,0.00976792904015701,0.009885167489739879,9.850321057834127e-05
10.85427135678392,0.009588738057397708,0.009479671109163494,0.8710657061339194,0.009588738057397708,0.009479671109163494,0.9810224889165748,0.009388773026027445,0.009497839974261658,9.089808313604954e-05
10.954773869346734,0.009209764136555547,0.009108191482131302,0.8710689179741238,0.009209764136555547,0.009108191482131302,0.9817659286765742,0.009024307186870289,0.009125879841294534,8.388429526101358e-05
11.055276381909549,0.00884611979276988,0.008751403217164451,0.8710718562936175,0.00884611979276988,0.008751403217164451,0.9824798929512796,0.008673987255950583,0.00876870383155601,7.741596121386846e-05
11.155778894472363,0.008497186260534854,0.00840872969995878,0.8710745391572016,0.008497186260534854,0.00840872969995878,0.9831655345819814,0.008337279157483739,0.008425735718059813,7.145054247504111e-05
11.256281407035177,0.00816235515386061,0.008079607854380295,0.8710769859833855,0.00816235515386061,0.008079607854380295,0.9838239856205704,0.00801365922556892,0.008096406525049235,6.594862881137366e-05
11.35678391959799,0.007841028466273303,0.007763488142465158,0.8710792175443878,0.007841028466273303,0.007763488142465158,0.9844563571227841,0.0077026144109425135,0.007780154734750658,6.0873731522644554e-05
11.457286432160805,0.007532618570815087,0.007459834564419705,0.8710812559661362,0.007532618570815087,0.007459834564419705,0.9850637389531404,0.007403642476044549,0.0074764264824399304,5.619208837515614e-05
11.557788944723619,0.007236548220044114,0.0071681246586204235,0.8710831247282669,0.007236548220044114,0.0071681246586204235,0.9856471996010749,0.00711625217888103,0.007184675740304721,5.1872479739393956e-05
11.658291457286433,0.00695225054603455,0.006887849501613975,0.8710848486641253,0.00695225054603455,0.006887849501613975,0.9862077860078101,0.006839963446155377,0.006904364490575951,4.788605545859957e-05
11.758793969849247,0.006679169060376558,0.006618513708117176,0.8710864539607658,0.006679169060376558,0.006618513708117176,0.9867465234034912,0.006574307536132242,0.006634962888391624,4.4206171984934374e-05
11.859296482412061,0.006416757654176304,0.006359635431017011,0.8710879681589516,0.006416757654176304,0.006359635431017011,0.9872644151541364,0.006318827191687262,0.006375949414846554,4.080823932974922e-05
11.959798994974875,0.006164480598055959,0.006110746361370628,0.8710894201531547,0.006164480598055959,0.006110746361370628,0.9877624426179578,0.006073076783986319,0.0061268110206716495,3.766957738431029e-05
12.06030150753769,0.005921812542153697,0.005871391728405333,0.8710908401915562,0.005921812542153697,0.005871391728405333,0.9882415650106181,0.005836622447228164,0.005887043260976529,3.476928117716817e-05
12.160804020100503,0.005688239656544301,0.005641130697275265,0.8710922595577617,0.005688239656544301,0.005641130697275265,0.9887027177495205,0.005609042593935274,0.00565615155320431,3.2088103339990565e-05
12.261306532663317,0.005463521701444495,0.005419638729504067,0.8710936421237597,0.005463521701444495,0.005419638729504067,0.9891464498828642,0.0053900284156914325,0.005433911387631861,2.9610313812634542e-05
12.361809045226131,0.005247507724464329,0.005206667745949482,0.8710949462637992,0.005247507724464329,0.005206667745949482,0.9895731465588018,0.005179345716733892,0.00522018569524874,2.7322029215589184e-05
12.462311557788945,0.005039912992982681,0.00500193497241838,0.8710961728172066,0.005039912992982681,0.00500193497241838,0.9899833613516565,0.004976725655360835,0.005014703675925136,2.5209317057545862e-05
12.56281407035176,0.004840457015203435,0.004805162542893495,0.8710973229093156,0.004840457015203435,0.004805162542893495,0.990377639624643,0.004781903360153553,0.004817197832463494,2.3259182739941596e-05
12.663316582914574,0.004648863540155484,0.00461607749953343,0.8710983979514676,0.004648863540155484,0.00461607749953343,0.9907565184746973,0.004594617985147317,0.004627404025769371,2.1459514386113056e-05
12.763819095477388,0.004464860557692733,0.004434411792672652,0.8710993996410112,0.004464860557692733,0.004434411792672652,0.9911205266799443,0.004414612762362981,0.004445061527383062,1.979903030967165e-05
12.864321608040202,0.004288180298494095,0.0042599022808214974,0.871100329961303,0.004288180298494095,0.0042599022808214974,0.9914701846497186,0.004241635051787369,0.004269913069459967,1.8267229034128807e-05
12.964824120603016,0.004118559234063487,0.004092290730666167,0.8711011911817067,0.004118559234063487,0.004092290730666167,0.9918060043770477,0.00407543638888891,0.00410170489228623,1.685434177725756e-05
13.06532663316583,0.003955738076729843,0.003931323817068727,0.8711019858575937,0.003955738076729843,0.003931323817068727,0.9921284893935166,0.003915772529753595,0.003940186789414711,1.5551287315133677e-05
13.165829145728644,0.0037994617796471,0.003776753123067113,0.8711027168303428,0.0037994617796471,0.003776753123067113,0.9924381347264281,0.0037624034939248564,0.0037851121505048436,1.4349629142256315e-05
13.266331658291458,0.003649479536794207,0.003628335139875124,0.8711033872273403,0.003649479536794207,0.003628335139875124,0.9927354268581763,0.0036150936050295185,0.0036362380019486014,1.3241534845605612e-05
13.366834170854272,0.0035055447829751207,0.0034858312668824267,0.8711040004619801,0.0035055447829751207,0.0034858312668824267,0.9930208436877545,0.0034736115292704757,0.00349332504536317,1.2219737611951249e-05
13.467336683417086,0.003367415193818806,0.0033490078116545545,0.8711045602336638,0.003367415193818806,0.0033490078116545545,0.9932948544943159,0.0033377303118653718,0.0033561376940296228,1.1277499789183418e-05
13.5678391959799,0.0032348526857792384,0.0032176359899329077,0.8711050705278001,0.0032348526857792384,0.0032176359899329077,0.9935579199027118,0.003207227411509013,0.003224444107355344,1.0408578423894405e-05
13.668341708542714,0.003107623416135404,0.0030914919256347507,0.8711055356158053,0.003107623416135404,0.0030914919256347507,0.9938104918509288,0.003081884732935855,0.003098016223436508,9.607192698896082e-06
13.768844221105528,0.0029854977829912926,0.0029703566508532163,0.8711059600551035,0.0029854977829912926,0.0029703566508532163,0.9940530135593513,0.0029614886576574007,0.002976629789795477,8.867993195815718e-06
13.869346733668342,0.002868250425275907,0.002854016105857304,0.8711063486891262,0.002868250425275907,0.002854016105857304,0.9942859195017761,0.0028458300729479343,0.0028600643923665375,8.1860329093695e-06
13.969849246231156,0.0027556602227432597,0.0027422611390918784,0.8711067066473122,0.0027556602227432597,0.0027422611390918784,0.9945096353781063,0.0027347043991505088,0.00274810348280189,7.556739941370111e-06
14.07035175879397,0.002647510295972368,0.0026348875071776708,0.8711070393451079,0.002647510295972368,0.0026348875071776708,0.994724578088654,0.002627911615373689,0.002640534404168386,6.9758918039818505e-06
14.170854271356784,0.0025435880063672616,0.0025316958749112784,0.8711073524839673,0.0025435880063672616,0.0025316958749112784,0.9949311557099847,0.0025252562836480846,0.002537148415104068,6.439591263193799e-06
14.271356783919598,0.002443684956156979,0.0024324918152651667,0.871107652051352,0.002443684956156979,0.0024324918152651667,0.9951297674722328,0.002426547571610228,0.0024377407125020403,5.944243654938469e-06
14.371859296482413,0.0023475969883955663,0.0023370858093876663,0.8711079443207308,0.0023475969883955663,0.0023370858093876663,0.9953208037378245,0.0023315992737799256,0.002342110452787826,5.4865356077405e-06
14.472361809045227,0.0022551241869620793,0.002245293246602974,0.8711082358515803,0.0022551241869620793,0.002245293246602974,0.9955046459815422,0.002240229831495737,0.0022500607718548425,5.063415107236979e-06
14.57286432160804,0.0021661343567489634,0.002156974855089707,0.8711085236110231,0.0021661343567489634,0.002156974855089707,0.9956815630855016,0.0021523025577494534,0.00216146205940871,4.672297340253431e-06
14.673366834170855,0.002080578254753212,0.0020720532701033367,0.8711087955468843,0.002080578254753212,0.0020720532701033367,0.99585167954412,0.0020677422011268695,0.002076267185776745,4.311068976467286e-06
14.773869346733669,0.001998345448583234,0.0019904179868375283,0.8711090516281289,0.001998345448583234,0.0019904179868375283,0.996015214107304,0.0019864404441127534,0.001994367905858459,3.9775427247749776e-06
14.874371859296483,0.0019193263191850793,0.0019119597811712427,0.871109292024014,0.0019193263191850793,0.0019119597811712427,0.996172383574373,0.0019082901064420175,0.0019156566444558543,3.669674729225311e-06
14.974874371859297,0.001843412874671325,0.001836571203153637,0.8711095169667981,0.001843412874671325,0.001836571203153637,0.9963234014811762,0.001833185644152493,0.001840027315670181,3.3855590011440202e-06
15.075376884422111,0.0017704987503210728,0.0017641465770040676,0.8711097267517411,0.0017704987503210728,0.0017641465770040676,0.9964684780919848,0.0017610231576940987,0.0017673753310111038,3.1234193099689e-06
15.175879396984925,0.00170047920857995,0.0016945820011120872,0.8711099217371051,0.00170047920857995,0.0016945820011120872,0.9966078203917681,0.0016917003996519623,0.001697597607119825,2.88160146012491e-06
15.27638190954774,0.0016332511390601096,0.0016277753480374458,0.871110102344153,0.0016332511390601096,0.0016277753480374458,0.9967416320788438,0.0016251167820961298,0.0016305925731187937,2.6585659413161253e-06
15.376884422110553,0.00156871305854023,0.0015636262645100912,0.8711102690571498,0.00156871305854023,0.0015636262645100912,0.9968701135578895,0.0015611733835702777,0.0015662601776004165,2.4528809398134598e-06
15.477386934673367,0.0015067651109655154,0.001502036171430169,0.8711104224233619,0.0015067651109655154,0.001502036171430169,0.9969934619333028,0.00149977295573165,0.0015045018952669963,2.2632156985191967e-06
15.577889447236181,0.0014473090674476947,0.001442908263868022,0.8711105630530571,0.0014473090674476947,0.001442908263868022,0.997111871002898,0.0014408199296542304,0.0014452207332339032,2.088334213791399e-06
15.678391959798995,0.0013902483262650232,0.0013861475110641896,0.8711106916195053,0.0013902483262650232,0.0013861475110641896,0.997225531251928,0.001384220421806976,0.00138832123700781,1.927089257213417e-06
15.77889447236181,0.0013354879128622812,0.0013316606564294097,0.8711108088589772,0.0013354879128622812,0.0013316606564294097,0.9973346298474189,0.001329882239718714,0.0013337094961515855,1.7784167106957277e-06
15.879396984924623,0.0012829344798507745,0.0012793562175446175,0.8711109155707458,0.0012829344798507745,0.0012793562175446175,0.9974393506328082,0.001277714887341118,0.001281293149647275,1.641330203499458e-06
15.979899497487438,0.0012324963070083341,0.001229144486160945,0.8711110126170852,0.0012324963070083341,0.001229144486160945,0.9975398741228707,0.001227629570120972,0.0012309813909683611,1.5149160399730212e-06
16.080402010050253,0.001184083301279317,0.0011809375281997211,0.8711111009232715,0.001184083301279317,0.0011809375281997211,0.997636377498928,0.0011795391997927258,0.0011826849728723218,1.3983284069953623e-06
16.180904522613066,0.001137606996774608,0.0011346491837524765,0.8711111814775818,0.001137606996774608,0.0011346491837524765,0.9977290346043233,0.0011333583989021551,0.0011363162119242866,1.290784850321415e-06
16.28140703517588,0.0010929805547716107,0.0010901950670809315,0.8711112553312953,0.0010929805547716107,0.0010901950670809315,0.9978180159401567,0.0010890035050717044,0.0010917889927623836,1.1915620092273901e-06
16.381909547738694,0.0010501187637142622,0.0010474925666170123,0.8711113235986925,0.0010501187637142622,0.0010474925666170123,0.9979034886612679,0.0010463925750179568,0.0010490187721152067,1.0999915990557366e-06
16.48241206030151,0.001008938039213019,0.0010064608449628352,0.8711113874570555,0.001008938039213019,0.0010064608449628352,0.9979856165724557,0.0010054453883313738,0.0010079225825815575,1.015456631461481e-06
16.582914572864322,0.0009693564240448676,0.0009670208388907198,0.8711114481466681,0.0009693564240448676,0.0009670208388907198,0.9980645601249268,0.0009660834510283559,0.0009684190361825037,9.373878623639762e-07
16.683417085427138,0.0009312935881533155,0.0009290952593431782,0.8711115069708155,0.0009312935881533155,0.0009290952593431782,0.9981404764129613,0.0009282299988853682,0.0009304283276955056,8.652604578099436e-07
16.78391959798995,0.0008946708286484001,0.0008926085914329246,0.8711115652957847,0.0008946708286484001,0.0008926085914329246,0.9982135191707868,0.0008918100005647687,0.0008938722377802442,7.985908681559758e-07
16.884422110552766,0.0008594143746999988,0.0008574896786228522,0.8711116242419868,0.0008594143746999988,0.0008574896786228522,0.998283832885633,0.0008567527396668868,0.0008586774357440334,7.369389559653614e-07
16.984924623115578,0.0008254984838335556,0.0008237064311516016,0.8711116810891563,0.0008254984838335556,0.0008237064311516016,0.9983514750534249,0.0008230264627415621,0.000824818515423516,6.799684100395962e-07
17.085427135678394,0.000792890301052515,0.0007912236373890466,0.871111734827307,0.000792890301052515,0.0007912236373890466,0.9984165134151065,0.0007905962838409973,0.0007922629475044659,6.273535480492672e-07
17.185929648241206,0.0007615480547318632,0.000759999520237163,0.8711117854540936,0.0007615480547318632,0.000759999520237163,0.9984790312011872,0.0007594207440809293,0.0007609692785756294,5.787761562337607e-07
17.286432160804022,0.000731430529119011,0.000729992893294633,0.8711118329820952,0.000731430529119011,0.000729992893294633,0.9985391105166747,0.0007294589542064375,0.0007308965900308155,5.339390881956113e-07
17.386934673366834,0.0007024970643338041,0.0007011631608568539,0.8711118774388155,0.0007024970643338041,0.0007011631608568539,0.9985968323398715,0.000700670595794733,0.0007020044992716832,4.925650621209507e-07
17.48743718592965,0.0006747075563685132,0.0006734703179159295,0.871111918866683,0.0006747075563685132,0.0006734703179159295,0.9986522765212281,0.0006730159224034418,0.0006742531608560255,4.5439551248778263e-07
17.587939698492463,0.0006480224570878427,0.0006468749501606787,0.8711119573230511,0.0006480224570878427,0.0006468749501606787,0.9987055217822461,0.0006464557606660471,0.000647603267593211,4.191894946316988e-07
17.68844221105528,0.0006224027742289231,0.0006213382339766275,0.8711119928801975,0.0006224027742289231,0.0006213382339766275,0.9987566457144349,0.0006209515113360658,0.0006220160515883615,3.867226405615526e-07
17.78894472361809,0.0005978100714013183,0.000596821936446016,0.8711120256253247,0.0005978100714013183,0.000596821936446016,0.9988057247783172,0.0005964651502815754,0.0005974532852368777,3.567861644406659e-07
17.889447236180906,0.0005742064680870182,0.0005732884153477919,0.8711120556605603,0.0005742064680870182,0.0005732884153477919,0.9988528343024814,0.0005729592294316198,0.0005738772821708461,3.291859161720591e-07
17.98994974874372,0.0005515546396404458,0.0005507006191576169,0.8711120831029558,0.0005515546396404458,0.0005507006191576169,0.9988980484826835,0.0005503968776760677,0.0005512508981588965,3.0374148154924974e-07
18.090452261306535,0.0005298178172884506,0.0005290220870478605,0.8711121080844882,0.0005298178172884506,0.0005290220870478605,0.9989414403809912,0.0005287418017204035,0.0005295375319609935,2.8028532745707816e-07
18.190954773869347,0.0005089597881303149,0.0005082169488876062,0.8711121307520587,0.0005089597881303149,0.0005082169488876062,0.9989830819249728,0.0005079582868969762,0.000508701126139685,2.586619906300712e-07
18.291457286432163,0.0004889448951377479,0.0004882499252426451,0.8711121512674934,0.0004889448951377479,0.0004882499252426451,0.9990230439069281,0.00048801119793414634,0.0004887061678292492,2.3872730849877836e-07
18.391959798994975,0.00046973803715489123,0.000469086327375482,0.871112169807543,0.00046973803715489123,0.000469086327375482,0.9990613959831603,0.0004688659796848045,0.0004695176894642137,2.2034769067755565e-07
18.49246231155779,0.00045130466889831323,0.0004506920572453302,0.8711121865638829,0.00045130466889831323,0.0004506920572453302,0.9990982066732861,0.00045048865781566004,0.00045110126946864307,2.033994296702034e-07
18.592964824120603,0.0004336108009570151,0.00043303360750811585,0.8711122017431132,0.0004336108009570151,0.00043303360750811585,0.9991335433595843,0.0004328458394587229,0.00043342303290762216,1.8776804939289982e-07
18.69346733668342,0.00041662299979242464,0.00041607806151647384,0.8711122155667588,0.00041662299979242464,0.00041607806151647384,0.9991674722863813,0.00041590471382633705,0.00041644965210228785,1.7334769013681034e-07
18.79396984924623,0.0004003083877384022,0.00039979309331975217,0.8711122282712691,0.0004003083877384022,0.00039979309331975217,0.9992000585594705,0.00039963305279113636,0.00040014834720978644,1.6004052861577856e-07
18.894472361809047,0.0003846346430012355,0.00038414696766400755,0.8711122401080182,0.0003846346430012355,0.00038414696766400755,0.9992313661455664,0.00038399921143224,0.00038448688676946793,1.4775623176745267e-07
18.99497487437186,0.00036956999965964395,0.0003691085399920094,0.8711122513433052,0.00036956999965964395,0.0003691085399920094,0.9992614578717913,0.00036897212854901016,0.00036943358821664473,1.3641144299921857e-07
19.095477386934675,0.0003550832476647746,0.00035464725644323604,0.8711122622583536,0.0003550832476647746,0.00035464725644323604,0.9992903954251916,0.0003545213271436428,0.00035495731836518137,1.2592929959326642e-07
19.195979899497488,0.0003411437328402063,0.0003407331538538787,0.8711122731493115,0.0003411437328402063,0.0003407331538538787,0.9993182393522859,0.0003406169148738706,0.00034102749386019816,1.162389800081285e-07
19.296482412060303,0.00032772135688194587,0.00032733685975683735,0.871112284327252,0.00032772135688194587,0.00032733685975683735,0.9993450490586411,0.00032722958447700033,0.0003276140816021089,1.0727527983698596e-07
19.396984924623116,0.00031480448347534837,0.0003144460877257467,0.8711122955135558,0.00031480448347534837,0.0003144460877257467,0.9993708484178372,0.00031434709868751945,0.00031470549443712105,9.898903822734779e-08
19.49748743718593,0.0003023965103326943,0.00030206246453675024,0.8711123059492503,0.0003023965103326943,0.00030206246453675024,0.9993956323677657,0.00030197112190157184,0.00030230516769751587,9.13426351784065e-08
19.597989949748744,0.0002904777474306891,0.0002901663961971336,0.8711123156754912,0.0002904777474306891,0.0002901663961971336,0.9994194401432533,0.0002900821093159862,0.0002903934605495417,8.428688114742426e-08
19.69849246231156,0.0002790289300317765,0.0002787387296222673,0.8711123247401301,0.0002790289300317765,0.0002787387296222673,0.9994423101165155,0.00027866095345278235,0.00027895115386229155,7.777616948491788e-08
19.798994974874372,0.00026803149783165715,0.0002677610098126544,0.8711123331882975,0.00026803149783165715,0.0002677610098126544,0.9994642792607401,0.0002676892414281334,0.0002679597294471361,7.17683845210028e-08
19.899497487437188,0.0002574675949592853,0.0002572154798539274,0.8711123410624033,0.0002574675949592853,0.0002572154798539274,0.9994853831498378,0.0002571492552029431,0.000257401370308301,6.622465098428918e-08
20.0,0.00024732006997687205,0.0002470850809168511,0.871112348402137,0.00024732006997687205,0.0002470850809168511,0.9995056559582058,0.00024702397181734857,0.0002472589608773695,6.110909950259672e-08
