{
  "id": "d191q4m3grvg008t3zk0",
  "hub": "ibm-q",
  "group": "open",
  "project": "main",
  "backend": "ibm_sherbrooke",
  "state": {
    "status": "Completed"
  },
  "status": "Completed",
  "params": {
    "pubs": [
      [
        "OPENQASM 2.0; include \"qelib1.inc\"; gate rzx(param0) q0,q1 { h q1; cx q0,q1; rz(pi/4) q1; cx q0,q1; h q1; } gate rzx_127827209566096(param0) q0,q1 { h q1; cx q0,q1; rz(-pi/4) q1; cx q0,q1; h q1; } gate ecr q0,q1 { rzx(pi/4) q0,q1; x q0; rzx_127827209566096(-pi/4) q0,q1; } qreg q[127]; creg c[8]; sx q[0]; rz(-0.59) q[0]; sx q[1]; rz(0.25) q[1]; sx q[1]; rz(-pi/2) q[1]; ecr q[1],q[0]; rz(-pi/2) q[0]; sx q[0]; rz(pi/2) q[0]; rz(pi/2) q[1]; sx q[1]; rz(pi/2) q[1]; sx q[2]; rz(-0.59) q[2]; sx q[3]; rz(0.25) q[3]; sx q[3]; rz(-pi/2) q[3]; ecr q[3],q[2]; rz(-pi/2) q[2]; sx q[2]; rz(pi/2) q[2]; rz(pi/2) q[3]; sx q[3]; rz(pi/2) q[3]; sx q[4]; rz(-0.59) q[4]; sx q[5]; rz(0.25) q[5]; sx q[5]; rz(-pi/2) q[5]; ecr q[5],q[4]; rz(-pi/2) q[4]; sx q[4]; rz(pi/2) q[4]; rz(pi/2) q[5]; sx q[5]; rz(pi/2) q[5]; sx q[6]; rz(-0.59) q[6]; sx q[7]; rz(0.25) q[7]; sx q[7]; rz(-pi/2) q[7]; ecr q[7],q[6]; rz(-pi/2) q[6]; sx q[6]; rz(pi/2) q[6]; rz(pi/2) q[7]; sx q[7]; rz(pi/2) q[7]; measure q[0] -> c[0]; measure q[1] -> c[1]; measure q[2] -> c[2]; measure q[3] -> c[3]; measure q[4] -> c[4]; measure q[5] -> c[5]; measure q[6] -> c[6]; measure q[7] -> c[7];",
        [],
        8000
      ]
    ],
    "version": 2,
    "support_qiskit": false
  },
  "program": {
    "id": "sampler"
  },
  "created": "2025-06-18T01:51:14.525Z",
  "ended": "2025-06-18T01:51:39.208Z",
  "runtime": "",
  "cost": 600,
  "tags": [
    "composer-info:composer:true",
    "composer-info:code-id:de8b138577f8df52e78e5b55afa8a6ceba8fdf4f45ed2d7c16e13c7f7b20dfd9",
    "composer-info:code-version-id:68521b71e422c56b4bacdad7"
  ],
  "session_id": null,
  "usage": {
    "seconds": 0
  },
  "private": false,
  "user_id": "657210cf36131b2acd5d5825"
}