{
  "id": "d174g5r3grvg008jknd0",
  "hub": "ibm-q",
  "group": "open",
  "project": "main",
  "backend": "ibm_brisbane",
  "state": {
    "status": "Completed"
  },
  "status": "Completed",
  "params": {
    "pubs": [
      [
        "OPENQASM 2.0; include \"qelib1.inc\"; gate rzx(param0) q0,q1 { h q1; cx q0,q1; rz(pi/4) q1; cx q0,q1; h q1; } gate rzx_128882411408144(param0) q0,q1 { h q1; cx q0,q1; rz(-pi/4) q1; cx q0,q1; h q1; } gate ecr q0,q1 { rzx(pi/4) q0,q1; x q0; rzx_128882411408144(-pi/4) q0,q1; } qreg q[127]; creg c[2]; sx q[0]; rz(-0.35877132679489776) q[0]; sx q[1]; rz(0.8923886732051036) q[1]; sx q[1]; rz(-pi/2) q[1]; ecr q[1],q[0]; rz(-pi/2) q[0]; sx q[0]; rz(pi/2) q[0]; rz(pi/2) q[1]; sx q[1]; rz(pi/2) q[1]; measure q[0] -> c[0]; measure q[1] -> c[1];",
        [],
        1040
      ]
    ],
    "version": 2,
    "support_qiskit": false
  },
  "program": {
    "id": "sampler"
  },
  "created": "2025-06-15T04:12:07.517Z",
  "ended": "2025-06-15T04:12:12.559Z",
  "runtime": "",
  "cost": 600,
  "tags": [
    "composer-info:composer:true",
    "composer-info:code-id:18ee8c9a8f2d051115451f3a140a238420b2ce4838f04e86bd96dde370153ae6",
    "composer-info:code-version-id:684e4809e422c53e74acd914"
  ],
  "session_id": null,
  "usage": {
    "seconds": 0
  },
  "private": false,
  "user_id": "657210cf36131b2acd5d5825"
}