{
  "id": "d13qs24v3z500082mb40",
  "hub": "ibm-q",
  "group": "open",
  "project": "main",
  "backend": "ibm_brisbane",
  "state": {
    "status": "Completed"
  },
  "status": "Completed",
  "params": {
    "pubs": [
      [
        "OPENQASM 2.0; include \"qelib1.inc\"; gate rzx(param0) q0,q1 { h q1; cx q0,q1; rz(param0) q1; cx q0,q1; h q1; } gate ecr q0,q1 { rzx(pi/4) q0,q1; x q0; rzx(-pi/4) q0,q1; } qreg q[127]; creg c[4]; rz(-pi) q[0]; sx q[0]; x q[1]; rz(pi/2) q[1]; ecr q[1],q[0]; rz(-pi) q[0]; rz(-pi) q[1]; sx q[1]; x q[2]; rz(pi/2) q[2]; ecr q[2],q[1]; rz(-pi) q[1]; x q[1]; rz(-pi) q[2]; sx q[2]; x q[3]; rz(pi/2) q[3]; ecr q[3],q[2]; rz(-pi) q[2]; x q[2]; measure q[0] -> c[0]; measure q[1] -> c[1]; measure q[2] -> c[2]; measure q[3] -> c[3];",
        [],
        1040
      ]
    ],
    "version": 2,
    "support_qiskit": false
  },
  "program": {
    "id": "sampler"
  },
  "created": "2025-06-10T00:30:01.108Z",
  "ended": "2025-06-10T00:30:08.646Z",
  "runtime": "",
  "cost": 600,
  "tags": [
    "composer-info:composer:true",
    "composer-info:code-id:3e3697a6536ba9f41002b1ab439c62a1e51c1db0cf9e7a431e2c4cdefc21008d",
    "composer-info:code-version-id:68477c734e66dec4510f883a",
    "(IBM Brisbane, 4 qubits, pico 0x6)"
  ],
  "session_id": null,
  "usage": {
    "seconds": 0
  },
  "private": false,
  "user_id": "657210cf36131b2acd5d5825"
}